expName,afName,exp,relativeDock,deltaY,pred
M351T_axitinib_2,M351T_1_r0_seed11_axitinib,-0.23999999463558197,0.004999999888241291,-0.24500000476837158,0.26086053252220154
E255K_axitinib_9,E255K_5_r2_seed15_bosutinib,0.25999999046325684,-0.023000000044703484,0.28299999237060547,0.6953302025794983
M244V_axitinib_16,M244V_5_r0_seed20_imatinib,-0.10999999940395355,-0.08799999952316284,-0.02199999988079071,0.5724409222602844
M343T_axitinib_4,M343T_3_r3_seed5_axitinib,0.20999999344348907,-0.013000000268220901,0.22300000488758087,0.44638028740882874
F359V_axitinib_13,F359V_4_r2_seed14_dasatinib,0.07000000029802322,0.01899999938905239,0.050999999046325684,0.3968062698841095
L248R_axitinib_5,L248R_3_r3_seed23_bosutinib,0.3100000023841858,-0.07199999690055847,0.38199999928474426,1.570139765739441
V299L_axitinib_5,V299L_1_r0_seed10_bosutinib,-0.8799999952316284,0.010999999940395355,-0.890999972820282,1.223406195640564
F359I_axitinib_23,F359I_5_r1_seed15_nilotinib,0.10000000149011612,-0.10199999809265137,0.20200000703334808,0.8086621165275574
Y253F_axitinib_29,Y253F_4_r3_seed15_ponatinib,0.25999999046325684,0.019999999552965164,0.23999999463558197,0.603594183921814
E255K_axitinib_1,E255K_2_r1_seed5_axitinib,0.25999999046325684,-0.03400000184774399,0.2939999997615814,0.4183593988418579
T315V_axitinib_1,T315V_3_r0_seed24_axitinib,-1.7300000190734863,-0.004000000189989805,-1.7259999513626099,0.8447264432907104
T315I_axitinib_20,T315I_1_r3_seed26_nilotinib,-1.2699999809265137,0.8090000152587891,-2.0789999961853027,2.3743703365325928
T315A_axitinib_14,T315A_5_r0_seed15_dasatinib,-0.44999998807907104,-0.008999999612569809,-0.4410000145435333,0.9348934888839722
M351T_axitinib_7,M351T_3_r0_seed27_bosutinib,-0.23999999463558197,-0.028999999165534973,-0.210999995470047,0.7389436364173889
V299L_axitinib_6,V299L_2_r3_seed23_bosutinib,-0.8799999952316284,0.010999999940395355,-0.890999972820282,0.5158582329750061
L248V_axitinib_26,L248V_5_r1_seed30_ponatinib,0.3199999928474426,0.16200000047683716,0.15800000727176666,0.47689327597618103
M351T_axitinib_16,M351T_5_r3_seed18_imatinib,-0.23999999463558197,-0.003000000026077032,-0.2370000034570694,0.6903439164161682
Y253F_axitinib_28,Y253F_2_r3_seed26_ponatinib,0.25999999046325684,0.019999999552965164,0.23999999463558197,0.47390422224998474
V299L_axitinib_1,V299L_4_r2_seed4_axitinib,-0.8799999952316284,0.06400000303983688,-0.9440000057220459,0.717923104763031
F317R_axitinib_3,F317R_5_r3_seed4_axitinib,0.27000001072883606,0.2529999911785126,0.017000000923871994,0.40701618790626526
Y253F_axitinib_17,Y253F_3_r0_seed3_imatinib,0.25999999046325684,0.004999999888241291,0.2549999952316284,0.5089130997657776
E255V_axitinib_1,E255V_5_r3_seed9_axitinib,0.30000001192092896,-0.03799999877810478,0.33799999952316284,1.020918607711792
E255K_axitinib_2,E255K_3_r3_seed21_axitinib,0.25999999046325684,-0.03400000184774399,0.2939999997615814,0.3835231065750122
F317L_axitinib_23,F317L_5_r2_seed1_nilotinib,0.23000000417232513,-0.009999999776482582,0.23999999463558197,0.5475587844848633
F359V_axitinib_28,F359V_4_r2_seed14_ponatinib,0.07000000029802322,-0.052000001072883606,0.12200000137090683,0.4705086648464203
E255K_axitinib_3,E255K_2_r3_seed14_axitinib,0.25999999046325684,-0.032999999821186066,0.2930000126361847,0.45216527581214905
M244V_axitinib_17,M244V_2_r3_seed14_imatinib,-0.10999999940395355,-0.09200000017881393,-0.017999999225139618,0.489839643239975
F317V_axitinib_15,F317V_4_r1_seed11_imatinib,0.2800000011920929,0.1509999930858612,0.1289999932050705,1.057909607887268
T315I_axitinib_9,T315I_2_r0_seed15_bosutinib,-1.2699999809265137,0.14000000059604645,-1.409999966621399,3.290964126586914
F359I_axitinib_3,F359I_4_r1_seed3_axitinib,0.10000000149011612,0.013000000268220901,0.08699999749660492,0.3431464731693268
M244V_axitinib_6,M244V_1_r3_seed25_bosutinib,-0.10999999940395355,-0.061000000685453415,-0.04899999871850014,0.45857787132263184
M244V_axitinib_21,M244V_4_r3_seed5_nilotinib,-0.10999999940395355,-0.13600000739097595,0.026000000536441803,0.6592119336128235
H396R_axitinib_19,H396R_3_r1_seed8_imatinib,0.25,0.01899999938905239,0.23100000619888306,0.745625376701355
F359I_axitinib_12,F359I_2_r0_seed25_dasatinib,0.10000000149011612,-0.017000000923871994,0.11699999868869781,0.4870353639125824
F359I_axitinib_16,F359I_5_r2_seed1_imatinib,0.10000000149011612,-0.04100000113248825,0.14100000262260437,0.48326852917671204
Q252H_axitinib_3,Q252H_4_r3_seed28_axitinib,0.20000000298023224,0.013000000268220901,0.18700000643730164,0.5091912150382996
D276G_axitinib_3,D276G_1_r1_seed17_axitinib,0.18000000715255737,-0.006000000052154064,0.1860000044107437,0.40802496671676636
V299L_axitinib_28,V299L_1_r1_seed3_ponatinib,-0.8799999952316284,0.08299999684095383,-0.9629999995231628,0.46902862191200256
L248V_axitinib_27,L248V_5_r2_seed19_ponatinib,0.3199999928474426,0.16200000047683716,0.15800000727176666,0.7680116295814514
G250E_axitinib_10,G250E_1_r1_seed7_dasatinib,0.27000001072883606,-0.04800000041723251,0.3179999887943268,0.5277650952339172
H396R_axitinib_3,H396R_1_r3_seed23_axitinib,0.25,-0.007000000216066837,0.25699999928474426,0.3961024284362793
F317L_axitinib_27,F317L_4_r2_seed30_ponatinib,0.23000000417232513,0.125,0.10499999672174454,0.37772947549819946
T315V_axitinib_2,T315V_4_r3_seed25_axitinib,-1.7300000190734863,-0.004000000189989805,-1.7259999513626099,1.0929738283157349
E255K_axitinib_22,E255K_4_r3_seed12_nilotinib,0.25999999046325684,-0.03500000014901161,0.29499998688697815,0.6472523808479309
M244V_axitinib_27,M244V_1_r1_seed2_ponatinib,-0.10999999940395355,-0.125,0.014999999664723873,0.5512056350708008
H396R_axitinib_21,H396R_2_r1_seed0_nilotinib,0.25,-0.014000000432133675,0.2639999985694885,0.6025877594947815
M244V_axitinib_11,M244V_3_r1_seed17_dasatinib,-0.10999999940395355,-0.10499999672174454,-0.004999999888241291,0.5171444416046143
F359I_axitinib_15,F359I_3_r0_seed22_imatinib,0.10000000149011612,-0.0430000014603138,0.14300000667572021,0.450977623462677
T315A_axitinib_8,T315A_2_r3_seed4_bosutinib,-0.44999998807907104,-0.24899999797344208,-0.20100000500679016,1.2352689504623413
F359I_axitinib_20,F359I_2_r1_seed16_nilotinib,0.10000000149011612,-0.10499999672174454,0.20499999821186066,0.4473148584365845
M244V_axitinib_9,M244V_2_r2_seed18_bosutinib,-0.10999999940395355,-0.06700000166893005,-0.0430000014603138,0.4220123589038849
F317V_axitinib_1,F317V_3_r3_seed2_axitinib,0.2800000011920929,0.0860000029206276,0.1940000057220459,0.7439757585525513
E255V_axitinib_26,E255V_4_r1_seed11_ponatinib,0.30000001192092896,-0.07500000298023224,0.375,2.178960084915161
E255V_axitinib_23,E255V_1_r1_seed3_nilotinib,0.30000001192092896,-0.07100000232458115,0.3709999918937683,0.9157875180244446
F317V_axitinib_19,F317V_2_r1_seed30_imatinib,0.2800000011920929,0.1599999964237213,0.11999999731779099,1.0038232803344727
T315A_axitinib_12,T315A_4_r0_seed6_dasatinib,-0.44999998807907104,-0.00800000037997961,-0.44200000166893005,1.3300026655197144
Y253F_axitinib_3,Y253F_2_r3_seed19_axitinib,0.25999999046325684,0.004000000189989805,0.25600001215934753,0.3580068349838257
E255V_axitinib_11,E255V_1_r3_seed27_dasatinib,0.30000001192092896,-0.0010000000474974513,0.3009999990463257,1.5653315782546997
T315A_axitinib_29,T315A_3_r0_seed23_ponatinib,-0.44999998807907104,0.007000000216066837,-0.4569999873638153,1.4458568096160889
D276G_axitinib_1,D276G_2_r2_seed27_axitinib,0.18000000715255737,-0.007000000216066837,0.18700000643730164,0.37186285853385925
F317V_axitinib_12,F317V_1_r3_seed25_dasatinib,0.2800000011920929,-0.009999999776482582,0.28999999165534973,1.1932108402252197
L248V_axitinib_15,L248V_5_r3_seed10_imatinib,0.3199999928474426,0.30000001192092896,0.019999999552965164,0.5689634680747986
E255V_axitinib_10,E255V_2_r2_seed6_dasatinib,0.30000001192092896,-0.0020000000949949026,0.3019999861717224,0.9007057547569275
M351T_axitinib_11,M351T_3_r0_seed13_dasatinib,-0.23999999463558197,0.03400000184774399,-0.27399998903274536,0.8697468638420105
T315I_axitinib_2,T315I_4_r2_seed30_axitinib,-1.2699999809265137,0.10499999672174454,-1.375,2.2934579849243164
F359V_axitinib_12,F359V_4_r2_seed9_dasatinib,0.07000000029802322,0.01600000075995922,0.05400000140070915,0.4542260468006134
E292L_axitinib_4,E292L_1_r2_seed31_axitinib,0.029999999329447746,0.03999999910593033,-0.009999999776482582,0.3250320553779602
H396R_axitinib_26,H396R_5_r2_seed2_ponatinib,0.25,-0.003000000026077032,0.2529999911785126,0.4364001154899597
F317V_axitinib_11,F317V_1_r0_seed19_dasatinib,0.2800000011920929,-0.008999999612569809,0.289000004529953,0.7537476420402527
T315A_axitinib_24,T315A_2_r1_seed21_nilotinib,-0.44999998807907104,0.0949999988079071,-0.5450000166893005,0.5717569589614868
L248R_axitinib_27,L248R_3_r1_seed16_ponatinib,0.3100000023841858,0.029999999329447746,0.2800000011920929,1.8685743808746338
H396R_axitinib_25,H396R_1_r3_seed13_ponatinib,0.25,-0.003000000026077032,0.2529999911785126,0.42282339930534363
H396R_axitinib_10,H396R_1_r0_seed27_dasatinib,0.25,0.01600000075995922,0.23399999737739563,0.35524556040763855
M351T_axitinib_5,M351T_5_r3_seed11_bosutinib,-0.23999999463558197,-0.02800000086426735,-0.21199999749660492,0.64122474193573
Y253F_axitinib_10,Y253F_5_r3_seed19_dasatinib,0.25999999046325684,0.004999999888241291,0.2549999952316284,0.7179383635520935
F359V_axitinib_3,F359V_2_r2_seed5_axitinib,0.07000000029802322,0.013000000268220901,0.05700000002980232,0.3551512360572815
L248R_axitinib_20,L248R_5_r3_seed14_nilotinib,0.3100000023841858,-0.03400000184774399,0.3440000116825104,1.4377405643463135
F317L_axitinib_19,F317L_4_r3_seed18_imatinib,0.23000000417232513,0.15700000524520874,0.0729999989271164,0.5016494989395142
V299L_axitinib_12,V299L_2_r0_seed22_dasatinib,-0.8799999952316284,0.026000000536441803,-0.906000018119812,0.616645097732544
T315I_axitinib_15,T315I_1_r3_seed10_imatinib,-1.2699999809265137,0.1889999955892563,-1.4589999914169312,2.113410472869873
E279K_axitinib_3,E279K_2_r1_seed27_axitinib,-0.029999999329447746,-0.039000000804662704,0.008999999612569809,1.1927919387817383
E255V_axitinib_27,E255V_4_r3_seed23_ponatinib,0.30000001192092896,-0.07500000298023224,0.375,1.8659307956695557
Y253F_axitinib_5,Y253F_5_r1_seed28_bosutinib,0.25999999046325684,-0.014999999664723873,0.2750000059604645,0.5713669061660767
G250E_axitinib_22,G250E_5_r1_seed13_nilotinib,0.27000001072883606,0.08699999749660492,0.18299999833106995,0.677887499332428
M244V_axitinib_22,M244V_5_r0_seed2_nilotinib,-0.10999999940395355,-0.13600000739097595,0.026000000536441803,0.5974591970443726
M351T_axitinib_22,M351T_4_r1_seed9_nilotinib,-0.23999999463558197,0.004000000189989805,-0.24400000274181366,0.6796905994415283
F317L_axitinib_5,F317L_1_r3_seed4_bosutinib,0.23000000417232513,0.02500000037252903,0.20499999821186066,0.48389890789985657
T315I_axitinib_19,T315I_5_r2_seed26_imatinib,-1.2699999809265137,0.18700000643730164,-1.4570000171661377,3.322103261947632
L248V_axitinib_3,L248V_1_r2_seed27_axitinib,0.3199999928474426,0.2329999953508377,0.08699999749660492,0.28570300340652466
H396R_axitinib_23,H396R_2_r3_seed24_nilotinib,0.25,-0.014999999664723873,0.26499998569488525,0.585189163684845
L248R_axitinib_18,L248R_4_r0_seed24_imatinib,0.3100000023841858,0.13199999928474426,0.17800000309944153,1.598369836807251
T315A_axitinib_26,T315A_2_r2_seed19_ponatinib,-0.44999998807907104,0.004000000189989805,-0.45399999618530273,1.3133848905563354
F317V_axitinib_5,F317V_5_r0_seed2_bosutinib,0.2800000011920929,-0.01600000075995922,0.29600000381469727,0.5681717991828918
M244V_axitinib_10,M244V_1_r2_seed21_dasatinib,-0.10999999940395355,-0.10700000077486038,-0.003000000026077032,0.6627500653266907
Q252H_axitinib_0,Q252H_1_r1_seed21_axitinib,0.20000000298023224,0.007000000216066837,0.19300000369548798,0.3870846927165985
F359I_axitinib_26,F359I_5_r3_seed14_ponatinib,0.10000000149011612,-0.05700000002980232,0.15700000524520874,0.4587598145008087
F317V_axitinib_24,F317V_1_r3_seed5_nilotinib,0.2800000011920929,-0.11100000143051147,0.39100000262260437,1.2006922960281372
G250E_axitinib_1,G250E_1_r3_seed3_axitinib,0.27000001072883606,0.0,0.27000001072883606,0.36477726697921753
G250E_axitinib_13,G250E_1_r2_seed12_dasatinib,0.27000001072883606,-0.04600000008940697,0.3160000145435333,0.41808825731277466
E255V_axitinib_21,E255V_1_r2_seed29_nilotinib,0.30000001192092896,-0.07100000232458115,0.3709999918937683,1.3501921892166138
Y253F_axitinib_21,Y253F_3_r2_seed13_nilotinib,0.25999999046325684,0.03500000014901161,0.22499999403953552,0.5725682973861694
E255K_axitinib_25,E255K_2_r0_seed28_ponatinib,0.25999999046325684,-0.05299999937415123,0.31299999356269836,0.5901049375534058
T315A_axitinib_2,T315A_2_r3_seed17_axitinib,-0.44999998807907104,-0.3149999976158142,-0.13500000536441803,0.798783004283905
T315A_axitinib_16,T315A_2_r3_seed4_imatinib,-0.44999998807907104,-0.04699999839067459,-0.40299999713897705,1.1027218103408813
L248R_axitinib_21,L248R_5_r0_seed21_nilotinib,0.3100000023841858,-0.032999999821186066,0.34299999475479126,0.9566507339477539
T315I_axitinib_3,T315I_3_r1_seed12_axitinib,-1.2699999809265137,0.10999999940395355,-1.3799999952316284,2.573474407196045
F359I_axitinib_13,F359I_2_r3_seed0_dasatinib,0.10000000149011612,-0.010999999940395355,0.11100000143051147,0.5189331769943237
L248V_axitinib_9,L248V_2_r3_seed8_bosutinib,0.3199999928474426,0.0949999988079071,0.22499999403953552,0.47057536244392395
H396R_axitinib_9,H396R_5_r0_seed31_bosutinib,0.25,-0.010999999940395355,0.26100000739097595,0.71848064661026
G250E_axitinib_19,G250E_5_r2_seed0_imatinib,0.27000001072883606,0.07900000363588333,0.19099999964237213,0.507331907749176
F317V_axitinib_16,F317V_2_r2_seed19_imatinib,0.2800000011920929,0.1550000011920929,0.125,0.9671327471733093
E255V_axitinib_19,E255V_1_r3_seed1_imatinib,0.30000001192092896,-0.0689999982714653,0.36899998784065247,1.0265189409255981
E255V_axitinib_0,E255V_1_r1_seed20_axitinib,0.30000001192092896,-0.03700000047683716,0.3370000123977661,1.4080890417099
F317V_axitinib_14,F317V_4_r2_seed10_dasatinib,0.2800000011920929,-0.012000000104308128,0.2919999957084656,0.6170299053192139
F359V_axitinib_25,F359V_5_r2_seed26_ponatinib,0.07000000029802322,-0.05400000140070915,0.12399999797344208,0.7563783526420593
V299L_axitinib_3,V299L_5_r3_seed11_axitinib,-0.8799999952316284,0.06599999964237213,-0.9459999799728394,0.9511553049087524
F317V_axitinib_18,F317V_1_r0_seed19_imatinib,0.2800000011920929,0.15800000727176666,0.12200000137090683,0.7543535232543945
F359V_axitinib_18,F359V_1_r1_seed13_imatinib,0.07000000029802322,-0.004000000189989805,0.07400000095367432,0.44732725620269775
F317R_axitinib_2,F317R_2_r0_seed17_axitinib,0.27000001072883606,0.2529999911785126,0.017000000923871994,0.3936394453048706
M351T_axitinib_24,M351T_5_r3_seed26_nilotinib,-0.23999999463558197,0.008999999612569809,-0.24899999797344208,0.7762450575828552
Y253F_axitinib_9,Y253F_1_r0_seed30_bosutinib,0.25999999046325684,-0.012000000104308128,0.2720000147819519,0.4248853027820587
L248R_axitinib_4,L248R_1_r1_seed20_axitinib,0.3100000023841858,0.13199999928474426,0.17800000309944153,1.4262608289718628
T315A_axitinib_17,T315A_4_r3_seed30_imatinib,-0.44999998807907104,-0.04899999871850014,-0.4009999930858612,1.0865031480789185
L248R_axitinib_19,L248R_5_r2_seed12_imatinib,0.3100000023841858,0.14100000262260437,0.16899999976158142,1.424085259437561
E255V_axitinib_17,E255V_2_r3_seed2_imatinib,0.30000001192092896,-0.07000000029802322,0.3700000047683716,1.5819971561431885
F359I_axitinib_7,F359I_1_r2_seed30_bosutinib,0.10000000149011612,-0.014999999664723873,0.11500000208616257,0.49471554160118103
T315A_axitinib_25,T315A_3_r3_seed6_ponatinib,-0.44999998807907104,0.004999999888241291,-0.45500001311302185,1.1817265748977661
F317L_axitinib_8,F317L_2_r0_seed29_bosutinib,0.23000000417232513,0.03099999949336052,0.19900000095367432,0.3860926330089569
F359V_axitinib_0,F359V_1_r3_seed4_axitinib,0.07000000029802322,0.010999999940395355,0.05900000035762787,0.3429023325443268
L248V_axitinib_1,L248V_4_r0_seed7_axitinib,0.3199999928474426,0.23399999737739563,0.0860000029206276,0.32155680656433105
G250E_axitinib_27,G250E_4_r2_seed28_ponatinib,0.27000001072883606,0.061000000685453415,0.20900000631809235,0.7693385481834412
M351T_axitinib_9,M351T_5_r1_seed8_bosutinib,-0.23999999463558197,-0.029999999329447746,-0.20999999344348907,0.4859142601490021
M244V_axitinib_2,M244V_4_r1_seed16_axitinib,-0.10999999940395355,-0.04899999871850014,-0.061000000685453415,0.3315938115119934
V299L_axitinib_9,V299L_3_r1_seed21_bosutinib,-0.8799999952316284,0.012000000104308128,-0.8920000195503235,1.057785987854004
F359I_axitinib_10,F359I_2_r1_seed19_dasatinib,0.10000000149011612,-0.01600000075995922,0.11599999666213989,0.44039613008499146
Y253F_axitinib_22,Y253F_4_r1_seed23_nilotinib,0.25999999046325684,0.032999999821186066,0.22699999809265137,0.7516304850578308
F486S_axitinib_2,F486S_1_r1_seed27_axitinib,0.05000000074505806,0.035999998450279236,0.014000000432133675,0.3267957866191864
V299L_axitinib_2,V299L_1_r0_seed7_axitinib,-0.8799999952316284,0.06199999898672104,-0.9419999718666077,0.9969882369041443
L248R_axitinib_13,L248R_4_r0_seed10_dasatinib,0.3100000023841858,-0.026000000536441803,0.335999995470047,1.2942039966583252
G250E_axitinib_0,G250E_2_r3_seed12_axitinib,0.27000001072883606,-0.0010000000474974513,0.2709999978542328,0.3844364583492279
F317L_axitinib_15,F317L_1_r3_seed19_imatinib,0.23000000417232513,0.15399999916553497,0.07599999755620956,0.6174706816673279
F359V_axitinib_21,F359V_2_r3_seed0_nilotinib,0.07000000029802322,-0.08399999886751175,0.15399999916553497,0.5318425297737122
Q252H_axitinib_1,Q252H_1_r2_seed25_axitinib,0.20000000298023224,0.012000000104308128,0.18799999356269836,0.4621677100658417
L248R_axitinib_3,L248R_3_r0_seed31_axitinib,0.3100000023841858,0.13099999725818634,0.17900000512599945,1.2696402072906494
H396R_axitinib_20,H396R_3_r3_seed27_nilotinib,0.25,-0.013000000268220901,0.2630000114440918,0.4801424443721771
F359V_axitinib_10,F359V_5_r3_seed20_dasatinib,0.07000000029802322,0.017000000923871994,0.05299999937415123,0.416464626789093
F317V_axitinib_13,F317V_2_r3_seed0_dasatinib,0.2800000011920929,-0.006000000052154064,0.28600001335144043,1.3479924201965332
F317V_axitinib_8,F317V_2_r1_seed25_bosutinib,0.2800000011920929,-0.02199999988079071,0.3019999861717224,0.9291194081306458
V299L_axitinib_20,V299L_4_r0_seed31_nilotinib,-0.8799999952316284,0.10700000077486038,-0.9869999885559082,0.9512118697166443
T315A_axitinib_19,T315A_4_r2_seed1_imatinib,-0.44999998807907104,-0.04500000178813934,-0.4050000011920929,1.3110631704330444
F317L_axitinib_16,F317L_1_r3_seed12_imatinib,0.23000000417232513,0.15299999713897705,0.07699999958276749,0.5009772181510925
F317V_axitinib_3,F317V_1_r0_seed9_axitinib,0.2800000011920929,0.09000000357627869,0.1899999976158142,1.0474458932876587
M351T_axitinib_28,M351T_1_r2_seed30_ponatinib,-0.23999999463558197,-0.03200000151991844,-0.20800000429153442,0.8419709801673889
H396R_axitinib_14,H396R_1_r0_seed22_dasatinib,0.25,0.017999999225139618,0.23199999332427979,0.41772761940956116
F317L_axitinib_24,F317L_5_r3_seed3_nilotinib,0.23000000417232513,-0.009999999776482582,0.23999999463558197,0.5403863787651062
E255V_axitinib_8,E255V_2_r0_seed15_bosutinib,0.30000001192092896,-0.06199999898672104,0.3619999885559082,1.1482099294662476
Y253H_axitinib_3,Y253H_3_r2_seed27_axitinib,0.029999999329447746,-0.0020000000949949026,0.03200000151991844,0.36229532957077026
E255K_axitinib_8,E255K_3_r1_seed16_bosutinib,0.25999999046325684,-0.023000000044703484,0.28299999237060547,0.6205171942710876
H396R_axitinib_11,H396R_2_r1_seed23_dasatinib,0.25,0.014999999664723873,0.23499999940395355,0.3839079439640045
M351T_axitinib_17,M351T_4_r1_seed17_imatinib,-0.23999999463558197,-0.004999999888241291,-0.23499999940395355,0.4784935414791107
H396R_axitinib_13,H396R_5_r1_seed1_dasatinib,0.25,0.017999999225139618,0.23199999332427979,0.5849037170410156
F317R_axitinib_1,F317R_3_r2_seed0_axitinib,0.27000001072883606,0.25600001215934753,0.014000000432133675,0.41842544078826904
Y253F_axitinib_23,Y253F_1_r3_seed31_nilotinib,0.25999999046325684,0.032999999821186066,0.22699999809265137,0.5655943751335144
F359V_axitinib_20,F359V_2_r2_seed5_nilotinib,0.07000000029802322,-0.08500000089406967,0.1550000011920929,0.5751538276672363
V299L_axitinib_25,V299L_4_r3_seed9_ponatinib,-0.8799999952316284,0.07999999821186066,-0.9599999785423279,1.4052366018295288
M244V_axitinib_28,M244V_1_r3_seed22_ponatinib,-0.10999999940395355,-0.13099999725818634,0.020999999716877937,0.7701758146286011
F359I_axitinib_29,F359I_3_r0_seed0_ponatinib,0.10000000149011612,-0.05000000074505806,0.15000000596046448,0.6061986088752747
E255V_axitinib_18,E255V_5_r3_seed12_imatinib,0.30000001192092896,-0.07500000298023224,0.375,1.2337480783462524
M351T_axitinib_0,M351T_1_r0_seed8_axitinib,-0.23999999463558197,0.006000000052154064,-0.2460000067949295,0.328154981136322
M351T_axitinib_26,M351T_1_r3_seed17_ponatinib,-0.23999999463558197,-0.032999999821186066,-0.2070000022649765,0.40281060338020325
E255V_axitinib_4,E255V_4_r3_seed28_axitinib,0.30000001192092896,-0.03799999877810478,0.33799999952316284,1.1205662488937378
L248R_axitinib_0,L248R_2_r0_seed24_axitinib,0.3100000023841858,0.12800000607967377,0.18199999630451202,1.4878156185150146
D276G_axitinib_0,D276G_2_r3_seed21_axitinib,0.18000000715255737,-0.007000000216066837,0.18700000643730164,0.3811265230178833
H396R_axitinib_2,H396R_5_r1_seed12_axitinib,0.25,-0.007000000216066837,0.25699999928474426,0.3609979450702667
G250E_axitinib_16,G250E_1_r0_seed16_imatinib,0.27000001072883606,0.07599999755620956,0.1940000057220459,0.4978027045726776
T315I_axitinib_7,T315I_3_r1_seed8_bosutinib,-1.2699999809265137,0.1379999965429306,-1.4079999923706055,3.2758562564849854
T315I_axitinib_26,T315I_1_r1_seed27_ponatinib,-1.2699999809265137,0.05400000140070915,-1.3240000009536743,3.556810140609741
L384M_axitinib_3,L384M_1_r2_seed25_axitinib,0.05999999865889549,0.03099999949336052,0.028999999165534973,0.6005131006240845
L248R_axitinib_29,L248R_3_r3_seed30_ponatinib,0.3100000023841858,0.035999998450279236,0.27399998903274536,1.8896560668945312
T315I_axitinib_28,T315I_2_r1_seed11_ponatinib,-1.2699999809265137,0.04899999871850014,-1.319000005722046,3.6715071201324463
V299L_axitinib_14,V299L_2_r1_seed30_dasatinib,-0.8799999952316284,0.027000000700354576,-0.9070000052452087,0.8927573561668396
M351T_axitinib_14,M351T_1_r3_seed13_dasatinib,-0.23999999463558197,0.03099999949336052,-0.2709999978542328,0.5450483560562134
H396R_axitinib_12,H396R_4_r1_seed17_dasatinib,0.25,0.017999999225139618,0.23199999332427979,0.5764285922050476
T315A_axitinib_23,T315A_5_r2_seed25_nilotinib,-0.44999998807907104,0.09099999815225601,-0.5410000085830688,0.9725847840309143
H396R_axitinib_1,H396R_2_r2_seed20_axitinib,0.25,-0.008999999612569809,0.2590000033378601,0.36931169033050537
M244V_axitinib_18,M244V_2_r3_seed16_imatinib,-0.10999999940395355,-0.09200000017881393,-0.017999999225139618,0.5082952976226807
F317L_axitinib_26,F317L_4_r1_seed30_ponatinib,0.23000000417232513,0.11500000208616257,0.11500000208616257,0.6472369432449341
T315V_axitinib_0,T315V_1_r3_seed18_axitinib,-1.7300000190734863,-0.0010000000474974513,-1.7289999723434448,0.9763545393943787
T315A_axitinib_10,T315A_1_r3_seed5_dasatinib,-0.44999998807907104,-0.0020000000949949026,-0.4480000138282776,1.0853768587112427
V299L_axitinib_16,V299L_1_r0_seed11_imatinib,-0.8799999952316284,-0.010999999940395355,-0.8690000176429749,0.7368375658988953
F317V_axitinib_17,F317V_4_r3_seed19_imatinib,0.2800000011920929,0.14900000393390656,0.13099999725818634,1.174747109413147
F317L_axitinib_9,F317L_4_r3_seed20_bosutinib,0.23000000417232513,0.020999999716877937,0.20900000631809235,0.5627850294113159
V299L_axitinib_11,V299L_5_r0_seed31_dasatinib,-0.8799999952316284,0.02199999988079071,-0.9020000100135803,0.7119187116622925
E255V_axitinib_13,E255V_5_r0_seed14_dasatinib,0.30000001192092896,-0.003000000026077032,0.30300000309944153,1.397076964378357
F317V_axitinib_9,F317V_5_r1_seed5_bosutinib,0.2800000011920929,-0.02500000037252903,0.3050000071525574,1.4319169521331787
E255V_axitinib_25,E255V_3_r3_seed29_ponatinib,0.30000001192092896,-0.07500000298023224,0.375,1.1573563814163208
H396R_axitinib_4,H396R_1_r2_seed31_axitinib,0.25,-0.007000000216066837,0.25699999928474426,0.3417975902557373
F359V_axitinib_8,F359V_2_r2_seed22_bosutinib,0.07000000029802322,0.006000000052154064,0.06400000303983688,0.47835788130760193
M244V_axitinib_19,M244V_1_r3_seed0_imatinib,-0.10999999940395355,-0.08699999749660492,-0.023000000044703484,0.4468909800052643
T315I_axitinib_8,T315I_5_r1_seed5_bosutinib,-1.2699999809265137,0.1289999932050705,-1.3990000486373901,3.3504273891448975
G250E_axitinib_23,G250E_5_r2_seed25_nilotinib,0.27000001072883606,0.08699999749660492,0.18299999833106995,0.5603890419006348
E255V_axitinib_14,E255V_4_r2_seed10_dasatinib,0.30000001192092896,0.0,0.30000001192092896,1.409559726715088
L248R_axitinib_25,L248R_1_r2_seed31_ponatinib,0.3100000023841858,0.03200000151991844,0.27799999713897705,1.825202226638794
F317V_axitinib_4,F317V_4_r3_seed15_axitinib,0.2800000011920929,0.09099999815225601,0.1889999955892563,1.0342367887496948
F317L_axitinib_29,F317L_3_r1_seed26_ponatinib,0.23000000417232513,0.1120000034570694,0.11800000071525574,0.5512890815734863
G250E_axitinib_12,G250E_4_r3_seed4_dasatinib,0.27000001072883606,-0.050999999046325684,0.32100000977516174,0.4740510880947113
E255K_axitinib_0,E255K_1_r0_seed15_axitinib,0.25999999046325684,-0.03400000184774399,0.2939999997615814,0.38603705167770386
E255K_axitinib_14,E255K_2_r2_seed30_dasatinib,0.25999999046325684,-0.010999999940395355,0.2709999978542328,0.5069839954376221
Y253F_axitinib_19,Y253F_1_r2_seed25_imatinib,0.25999999046325684,0.00800000037997961,0.25200000405311584,0.7652494311332703
L384M_axitinib_1,L384M_3_r2_seed16_axitinib,0.05999999865889549,0.03200000151991844,0.02800000086426735,0.3886599838733673
M244V_axitinib_3,M244V_3_r3_seed16_axitinib,-0.10999999940395355,-0.04500000178813934,-0.06499999761581421,0.6085042357444763
G250E_axitinib_20,G250E_1_r3_seed9_nilotinib,0.27000001072883606,0.0820000022649765,0.18799999356269836,0.44750112295150757
T315I_axitinib_21,T315I_1_r2_seed5_nilotinib,-1.2699999809265137,0.8100000023841858,-2.0799999237060547,2.8567051887512207
F359I_axitinib_14,F359I_4_r2_seed31_dasatinib,0.10000000149011612,-0.010999999940395355,0.11100000143051147,0.6459174752235413
V299L_axitinib_17,V299L_1_r3_seed21_imatinib,-0.8799999952316284,-0.017999999225139618,-0.8619999885559082,1.0368400812149048
V299L_axitinib_26,V299L_1_r0_seed25_ponatinib,-0.8799999952316284,0.07900000363588333,-0.9589999914169312,0.6273995041847229
Y253F_axitinib_11,Y253F_5_r0_seed23_dasatinib,0.25999999046325684,0.004999999888241291,0.2549999952316284,0.49963846802711487
G250E_axitinib_24,G250E_3_r2_seed6_nilotinib,0.27000001072883606,0.07500000298023224,0.19499999284744263,0.4841315448284149
V299L_axitinib_23,V299L_2_r0_seed27_nilotinib,-0.8799999952316284,0.1120000034570694,-0.9919999837875366,1.0687718391418457
L248V_axitinib_6,L248V_3_r3_seed7_bosutinib,0.3199999928474426,0.09300000220537186,0.22699999809265137,0.4808731973171234
H396R_axitinib_22,H396R_3_r3_seed14_nilotinib,0.25,-0.014000000432133675,0.2639999985694885,0.5269750356674194
L248R_axitinib_8,L248R_3_r2_seed25_bosutinib,0.3100000023841858,-0.07000000029802322,0.3799999952316284,1.9065042734146118
T315I_axitinib_18,T315I_4_r3_seed10_imatinib,-1.2699999809265137,0.18799999356269836,-1.4579999446868896,3.1666276454925537
F359V_axitinib_27,F359V_5_r3_seed9_ponatinib,0.07000000029802322,-0.054999999701976776,0.125,0.4342622756958008
V299L_axitinib_27,V299L_5_r2_seed0_ponatinib,-0.8799999952316284,0.07900000363588333,-0.9589999914169312,0.5444344878196716
Y253F_axitinib_8,Y253F_1_r0_seed18_bosutinib,0.25999999046325684,-0.01899999938905239,0.27900001406669617,0.383034884929657
D276G_axitinib_2,D276G_4_r3_seed30_axitinib,0.18000000715255737,-0.007000000216066837,0.18700000643730164,0.3813919126987457
M351T_axitinib_4,M351T_4_r0_seed8_axitinib,-0.23999999463558197,0.004999999888241291,-0.24500000476837158,0.33601924777030945
F317V_axitinib_7,F317V_1_r0_seed13_bosutinib,0.2800000011920929,-0.01899999938905239,0.29899999499320984,0.6254057288169861
T315A_axitinib_0,T315A_3_r2_seed18_axitinib,-0.44999998807907104,-0.3149999976158142,-0.13500000536441803,0.47452494502067566
F317V_axitinib_29,F317V_1_r3_seed7_ponatinib,0.2800000011920929,-0.024000000208616257,0.30399999022483826,1.457363247871399
F359V_axitinib_1,F359V_3_r0_seed25_axitinib,0.07000000029802322,0.010999999940395355,0.05900000035762787,0.29456132650375366
L384M_axitinib_4,L384M_2_r2_seed4_axitinib,0.05999999865889549,0.03099999949336052,0.028999999165534973,0.33264634013175964
E255V_axitinib_24,E255V_2_r3_seed19_nilotinib,0.30000001192092896,-0.07199999690055847,0.3720000088214874,1.2486622333526611
F359I_axitinib_17,F359I_1_r3_seed0_imatinib,0.10000000149011612,-0.04100000113248825,0.14100000262260437,0.4550628662109375
F317L_axitinib_10,F317L_5_r1_seed29_dasatinib,0.23000000417232513,0.04600000008940697,0.18400000035762787,0.7335904240608215
E255K_axitinib_13,E255K_3_r2_seed8_dasatinib,0.25999999046325684,-0.006000000052154064,0.26600000262260437,0.373714417219162
E255K_axitinib_23,E255K_1_r0_seed1_nilotinib,0.25999999046325684,-0.03400000184774399,0.2939999997615814,0.529136061668396
F317L_axitinib_13,F317L_4_r2_seed4_dasatinib,0.23000000417232513,0.04500000178813934,0.1850000023841858,0.40321919322013855
F359I_axitinib_2,F359I_2_r3_seed19_axitinib,0.10000000149011612,0.014000000432133675,0.0860000029206276,0.3919692039489746
L248R_axitinib_23,L248R_4_r3_seed17_nilotinib,0.3100000023841858,-0.03099999949336052,0.3409999907016754,1.4246753454208374
E255V_axitinib_9,E255V_4_r1_seed8_bosutinib,0.30000001192092896,-0.06199999898672104,0.3619999885559082,1.6706736087799072
E255K_axitinib_4,E255K_4_r0_seed10_axitinib,0.25999999046325684,-0.032999999821186066,0.2930000126361847,0.38615143299102783
E279K_axitinib_0,E279K_2_r2_seed17_axitinib,-0.029999999329447746,-0.03500000014901161,0.004999999888241291,0.9092887043952942
T315I_axitinib_14,T315I_3_r3_seed14_dasatinib,-1.2699999809265137,0.21299999952316284,-1.4830000400543213,2.7884154319763184
G250E_axitinib_2,G250E_3_r3_seed8_axitinib,0.27000001072883606,0.0,0.27000001072883606,0.2915870249271393
L248R_axitinib_2,L248R_1_r1_seed18_axitinib,0.3100000023841858,0.13099999725818634,0.17900000512599945,0.9929073452949524
L248R_axitinib_10,L248R_1_r0_seed0_dasatinib,0.3100000023841858,-0.03099999949336052,0.3409999907016754,1.6768224239349365
L248V_axitinib_11,L248V_1_r3_seed13_dasatinib,0.3199999928474426,-0.10100000351667404,0.42100000381469727,0.37318968772888184
T315A_axitinib_7,T315A_5_r2_seed15_bosutinib,-0.44999998807907104,-0.24899999797344208,-0.20100000500679016,1.7731987237930298
H396R_axitinib_17,H396R_5_r3_seed0_imatinib,0.25,0.023000000044703484,0.22699999809265137,0.48055514693260193
E255K_axitinib_11,E255K_4_r3_seed8_dasatinib,0.25999999046325684,-0.008999999612569809,0.26899999380111694,0.4246996343135834
F359V_axitinib_14,F359V_2_r0_seed4_dasatinib,0.07000000029802322,0.014000000432133675,0.0560000017285347,0.4363463222980499
L248V_axitinib_13,L248V_1_r2_seed30_dasatinib,0.3199999928474426,-0.10100000351667404,0.42100000381469727,0.4430874288082123
E255K_axitinib_24,E255K_2_r1_seed4_nilotinib,0.25999999046325684,-0.032999999821186066,0.2930000126361847,0.4765718877315521
T315V_axitinib_4,T315V_1_r3_seed4_axitinib,-1.7300000190734863,0.0,-1.7300000190734863,0.3137010335922241
M351T_axitinib_10,M351T_2_r2_seed23_dasatinib,-0.23999999463558197,0.03200000151991844,-0.2720000147819519,0.5987359881401062
F359V_axitinib_24,F359V_3_r0_seed30_nilotinib,0.07000000029802322,-0.0820000022649765,0.15199999511241913,0.48316606879234314
F317V_axitinib_10,F317V_3_r3_seed11_dasatinib,0.2800000011920929,-0.008999999612569809,0.289000004529953,1.2856866121292114
G250E_axitinib_14,G250E_3_r1_seed19_dasatinib,0.27000001072883606,-0.052000001072883606,0.32199999690055847,0.5841460824012756
M351T_axitinib_8,M351T_1_r2_seed29_bosutinib,-0.23999999463558197,-0.026000000536441803,-0.21400000154972076,0.6343961358070374
F317L_axitinib_6,F317L_1_r1_seed9_bosutinib,0.23000000417232513,0.029999999329447746,0.20000000298023224,0.5826021432876587
V299L_axitinib_10,V299L_3_r2_seed14_dasatinib,-0.8799999952316284,0.02500000037252903,-0.9049999713897705,1.0260287523269653
F359I_axitinib_4,F359I_5_r2_seed7_axitinib,0.10000000149011612,0.01600000075995922,0.08399999886751175,0.38946405053138733
F359I_axitinib_8,F359I_5_r3_seed26_bosutinib,0.10000000149011612,-0.014999999664723873,0.11500000208616257,0.4212212860584259
M244V_axitinib_24,M244V_1_r0_seed1_nilotinib,-0.10999999940395355,-0.14000000059604645,0.029999999329447746,0.5236761569976807
E255K_axitinib_21,E255K_3_r1_seed31_nilotinib,0.25999999046325684,-0.03500000014901161,0.29499998688697815,0.7400794625282288
F359I_axitinib_24,F359I_4_r1_seed21_nilotinib,0.10000000149011612,-0.10599999874830246,0.20600000023841858,0.5304455161094666
T315A_axitinib_9,T315A_3_r1_seed25_bosutinib,-0.44999998807907104,-0.25200000405311584,-0.1979999989271164,1.4221606254577637
F317L_axitinib_4,F317L_2_r1_seed3_axitinib,0.23000000417232513,-0.12300000339746475,0.3529999852180481,0.44468605518341064
Y253F_axitinib_18,Y253F_1_r2_seed24_imatinib,0.25999999046325684,0.00800000037997961,0.25200000405311584,0.4779309332370758
F359I_axitinib_19,F359I_3_r3_seed0_imatinib,0.10000000149011612,-0.04699999839067459,0.1469999998807907,0.45996198058128357
M351T_axitinib_19,M351T_3_r3_seed28_imatinib,-0.23999999463558197,-0.004999999888241291,-0.23499999940395355,0.8174722790718079
L248V_axitinib_0,L248V_3_r0_seed14_axitinib,0.3199999928474426,0.23499999940395355,0.08500000089406967,0.4564015567302704
Y253F_axitinib_7,Y253F_1_r1_seed25_bosutinib,0.25999999046325684,-0.013000000268220901,0.27300000190734863,0.6320303082466125
H396R_axitinib_16,H396R_4_r0_seed17_imatinib,0.25,0.020999999716877937,0.2290000021457672,0.5317270159721375
L248V_axitinib_12,L248V_1_r1_seed17_dasatinib,0.3199999928474426,-0.10100000351667404,0.42100000381469727,0.5511613488197327
E292L_axitinib_2,E292L_2_r2_seed2_axitinib,0.029999999329447746,0.03500000014901161,-0.004999999888241291,0.39494189620018005
F317L_axitinib_1,F317L_3_r3_seed2_axitinib,0.23000000417232513,-0.11800000071525574,0.3479999899864197,0.39076992869377136
L248R_axitinib_22,L248R_4_r2_seed11_nilotinib,0.3100000023841858,-0.04100000113248825,0.35100001096725464,1.441910743713379
F486S_axitinib_3,F486S_1_r0_seed8_axitinib,0.05000000074505806,0.035999998450279236,0.014000000432133675,0.3167097568511963
L248V_axitinib_23,L248V_5_r3_seed10_nilotinib,0.3199999928474426,-0.18199999630451202,0.5019999742507935,0.6265521049499512
Y253H_axitinib_2,Y253H_5_r3_seed17_axitinib,0.029999999329447746,-0.003000000026077032,0.032999999821186066,0.40113526582717896
F359V_axitinib_17,F359V_1_r2_seed8_imatinib,0.07000000029802322,-0.004000000189989805,0.07400000095367432,0.40718626976013184
T315A_axitinib_5,T315A_4_r2_seed4_bosutinib,-0.44999998807907104,-0.25,-0.20000000298023224,0.9212473630905151
G250E_axitinib_11,G250E_5_r0_seed29_dasatinib,0.27000001072883606,-0.05000000074505806,0.3199999928474426,0.7133575081825256
T315A_axitinib_1,T315A_4_r2_seed17_axitinib,-0.44999998807907104,-0.3149999976158142,-0.13500000536441803,1.0965181589126587
E255V_axitinib_20,E255V_2_r3_seed11_nilotinib,0.30000001192092896,-0.07000000029802322,0.3700000047683716,1.2608247995376587
E279K_axitinib_1,E279K_5_r2_seed6_axitinib,-0.029999999329447746,-0.03799999877810478,0.00800000037997961,1.1979674100875854
F359V_axitinib_19,F359V_3_r3_seed30_imatinib,0.07000000029802322,-0.003000000026077032,0.0729999989271164,0.5052384734153748
T315A_axitinib_6,T315A_1_r3_seed19_bosutinib,-0.44999998807907104,-0.24899999797344208,-0.20100000500679016,1.5848556756973267
Y253H_axitinib_4,Y253H_2_r2_seed24_axitinib,0.029999999329447746,-0.00800000037997961,0.03799999877810478,0.5763751268386841
T315I_axitinib_0,T315I_5_r3_seed31_axitinib,-1.2699999809265137,0.1080000028014183,-1.378000020980835,2.4157721996307373
F317V_axitinib_20,F317V_3_r1_seed23_nilotinib,0.2800000011920929,-0.10499999672174454,0.38499999046325684,0.8968617916107178
L248R_axitinib_14,L248R_5_r2_seed12_dasatinib,0.3100000023841858,-0.026000000536441803,0.335999995470047,1.6263593435287476
E255K_axitinib_27,E255K_5_r1_seed15_ponatinib,0.25999999046325684,-0.0560000017285347,0.3160000145435333,0.9214599132537842
F317V_axitinib_6,F317V_4_r2_seed27_bosutinib,0.2800000011920929,-0.013000000268220901,0.2930000126361847,1.6382027864456177
V299L_axitinib_0,V299L_2_r1_seed3_axitinib,-0.8799999952316284,0.06400000303983688,-0.9440000057220459,0.8475692868232727
E279K_axitinib_4,E279K_5_r1_seed24_axitinib,-0.029999999329447746,-0.039000000804662704,0.008999999612569809,1.3439513444900513
F359I_axitinib_22,F359I_3_r0_seed12_nilotinib,0.10000000149011612,-0.10199999809265137,0.20200000703334808,0.6908403635025024
L248V_axitinib_16,L248V_2_r0_seed6_imatinib,0.3199999928474426,0.2980000078678131,0.02199999988079071,0.4499928653240204
F486S_axitinib_0,F486S_3_r3_seed26_axitinib,0.05000000074505806,0.03799999877810478,0.012000000104308128,0.33402833342552185
F359V_axitinib_4,F359V_1_r1_seed5_axitinib,0.07000000029802322,0.008999999612569809,0.061000000685453415,0.504645824432373
M351T_axitinib_3,M351T_3_r0_seed13_axitinib,-0.23999999463558197,0.004999999888241291,-0.24500000476837158,0.7144988775253296
L248R_axitinib_28,L248R_5_r2_seed31_ponatinib,0.3100000023841858,0.035999998450279236,0.27399998903274536,1.85397207736969
M343T_axitinib_3,M343T_2_r0_seed1_axitinib,0.20999999344348907,-0.013000000268220901,0.22300000488758087,0.3726482093334198
T315A_axitinib_18,T315A_1_r2_seed11_imatinib,-0.44999998807907104,-0.05000000074505806,-0.4000000059604645,0.9435997009277344
F317L_axitinib_2,F317L_3_r2_seed25_axitinib,0.23000000417232513,-0.12200000137090683,0.35199999809265137,0.4997558891773224
Y253F_axitinib_14,Y253F_2_r1_seed20_dasatinib,0.25999999046325684,0.008999999612569809,0.25099998712539673,0.46314266324043274
F359I_axitinib_5,F359I_2_r0_seed30_bosutinib,0.10000000149011612,-0.01600000075995922,0.11599999666213989,0.6756038665771484
F317L_axitinib_22,F317L_2_r1_seed15_nilotinib,0.23000000417232513,-0.004999999888241291,0.23499999940395355,0.47820183634757996
E255K_axitinib_10,E255K_2_r3_seed11_dasatinib,0.25999999046325684,-0.008999999612569809,0.26899999380111694,0.41110458970069885
L384M_axitinib_0,L384M_2_r0_seed11_axitinib,0.05999999865889549,0.03200000151991844,0.02800000086426735,0.39494845271110535
Y253F_axitinib_1,Y253F_1_r2_seed25_axitinib,0.25999999046325684,0.0020000000949949026,0.257999986410141,0.6173509359359741
T315I_axitinib_13,T315I_2_r2_seed24_dasatinib,-1.2699999809265137,0.21299999952316284,-1.4830000400543213,3.0792524814605713
H396R_axitinib_8,H396R_5_r1_seed25_bosutinib,0.25,-0.006000000052154064,0.25600001215934753,0.41910991072654724
Y253F_axitinib_15,Y253F_1_r0_seed19_imatinib,0.25999999046325684,0.006000000052154064,0.2540000081062317,0.3887830376625061
M244V_axitinib_25,M244V_2_r1_seed19_ponatinib,-0.10999999940395355,-0.12800000607967377,0.017999999225139618,0.44343096017837524
M244V_axitinib_5,M244V_1_r2_seed17_bosutinib,-0.10999999940395355,-0.06300000101327896,-0.04699999839067459,0.5556787848472595
E292L_axitinib_3,E292L_3_r2_seed23_axitinib,0.029999999329447746,0.039000000804662704,-0.008999999612569809,0.4053683578968048
E255V_axitinib_5,E255V_4_r2_seed20_bosutinib,0.30000001192092896,-0.06400000303983688,0.36399999260902405,1.6452540159225464
L248V_axitinib_10,L248V_4_r0_seed11_dasatinib,0.3199999928474426,-0.10300000011920929,0.4230000078678131,0.4848272502422333
L248V_axitinib_5,L248V_3_r2_seed25_bosutinib,0.3199999928474426,0.09000000357627869,0.23000000417232513,0.7503644824028015
M351T_axitinib_18,M351T_2_r1_seed24_imatinib,-0.23999999463558197,-0.004999999888241291,-0.23499999940395355,0.45619940757751465
T315V_axitinib_3,T315V_5_r1_seed26_axitinib,-1.7300000190734863,-0.004000000189989805,-1.7259999513626099,0.5711672902107239
F359I_axitinib_1,F359I_1_r0_seed23_axitinib,0.10000000149011612,0.014000000432133675,0.0860000029206276,0.30514442920684814
E255K_axitinib_28,E255K_5_r0_seed27_ponatinib,0.25999999046325684,-0.0560000017285347,0.3160000145435333,0.45701876282691956
M244V_axitinib_26,M244V_5_r1_seed11_ponatinib,-0.10999999940395355,-0.12600000202655792,0.01600000075995922,0.6213424801826477
F359V_axitinib_23,F359V_2_r1_seed15_nilotinib,0.07000000029802322,-0.08299999684095383,0.15299999713897705,0.47221919894218445
M343T_axitinib_2,M343T_1_r0_seed18_axitinib,0.20999999344348907,-0.013000000268220901,0.22300000488758087,0.3295991122722626
H396R_axitinib_18,H396R_2_r1_seed29_imatinib,0.25,0.019999999552965164,0.23000000417232513,0.44379010796546936
T315A_axitinib_15,T315A_4_r2_seed8_imatinib,-0.44999998807907104,-0.04800000041723251,-0.4020000100135803,1.0149750709533691
E255K_axitinib_19,E255K_3_r3_seed18_imatinib,0.25999999046325684,-0.009999999776482582,0.27000001072883606,0.4492659866809845
Y253F_axitinib_20,Y253F_2_r3_seed28_nilotinib,0.25999999046325684,0.03799999877810478,0.22200000286102295,0.5296762585639954
G250E_axitinib_15,G250E_1_r1_seed6_imatinib,0.27000001072883606,0.07599999755620956,0.1940000057220459,0.813248336315155
G250E_axitinib_21,G250E_4_r1_seed2_nilotinib,0.27000001072883606,0.07900000363588333,0.19099999964237213,0.5155920386314392
L384M_axitinib_2,L384M_5_r2_seed12_axitinib,0.05999999865889549,0.03200000151991844,0.02800000086426735,0.3692546784877777
Y253F_axitinib_12,Y253F_2_r2_seed30_dasatinib,0.25999999046325684,0.007000000216066837,0.2529999911785126,0.5474420785903931
F317L_axitinib_11,F317L_3_r3_seed8_dasatinib,0.23000000417232513,0.04699999839067459,0.18299999833106995,0.7735767364501953
G250E_axitinib_25,G250E_3_r1_seed20_ponatinib,0.27000001072883606,0.06499999761581421,0.20499999821186066,1.0131138563156128
G250E_axitinib_29,G250E_2_r2_seed12_ponatinib,0.27000001072883606,0.06599999964237213,0.20399999618530273,0.4917650520801544
T315I_axitinib_16,T315I_3_r0_seed4_imatinib,-1.2699999809265137,0.1889999955892563,-1.4589999914169312,2.9381792545318604
F359V_axitinib_7,F359V_2_r0_seed10_bosutinib,0.07000000029802322,-0.0010000000474974513,0.07100000232458115,0.4635864198207855
F317L_axitinib_25,F317L_5_r0_seed15_ponatinib,0.23000000417232513,0.11599999666213989,0.11400000005960464,0.3776281177997589
G250E_axitinib_26,G250E_4_r0_seed13_ponatinib,0.27000001072883606,0.06499999761581421,0.20499999821186066,0.4112820327281952
T315I_axitinib_25,T315I_1_r0_seed8_ponatinib,-1.2699999809265137,0.05299999937415123,-1.3229999542236328,2.8494272232055664
M244V_axitinib_14,M244V_1_r1_seed24_dasatinib,-0.10999999940395355,-0.10400000214576721,-0.006000000052154064,0.4248444736003876
E292L_axitinib_0,E292L_3_r3_seed3_axitinib,0.029999999329447746,0.03700000047683716,-0.007000000216066837,0.3326856791973114
F317L_axitinib_17,F317L_4_r1_seed23_imatinib,0.23000000417232513,0.15199999511241913,0.07800000160932541,0.7469186782836914
F359I_axitinib_28,F359I_4_r1_seed24_ponatinib,0.10000000149011612,-0.057999998331069946,0.15800000727176666,0.3926031291484833
V299L_axitinib_29,V299L_3_r3_seed12_ponatinib,-0.8799999952316284,0.07800000160932541,-0.9580000042915344,0.49825939536094666
F359V_axitinib_5,F359V_1_r1_seed12_bosutinib,0.07000000029802322,0.0,0.07000000029802322,0.40577059984207153
L248V_axitinib_4,L248V_2_r1_seed12_axitinib,0.3199999928474426,0.23199999332427979,0.08799999952316284,0.37004345655441284
F359V_axitinib_9,F359V_5_r3_seed12_bosutinib,0.07000000029802322,0.006000000052154064,0.06400000303983688,0.73396897315979
H396R_axitinib_5,H396R_5_r3_seed31_bosutinib,0.25,-0.008999999612569809,0.2590000033378601,0.46786120533943176
M351T_axitinib_20,M351T_5_r3_seed9_nilotinib,-0.23999999463558197,0.006000000052154064,-0.2460000067949295,0.4892970621585846
T315A_axitinib_20,T315A_5_r2_seed14_nilotinib,-0.44999998807907104,0.09200000017881393,-0.5419999957084656,1.1091822385787964
L248V_axitinib_25,L248V_2_r1_seed24_ponatinib,0.3199999928474426,0.15600000321865082,0.164000004529953,0.45821613073349
Y253F_axitinib_24,Y253F_3_r2_seed3_nilotinib,0.25999999046325684,0.032999999821186066,0.22699999809265137,0.6503048539161682
F317V_axitinib_23,F317V_2_r2_seed25_nilotinib,0.2800000011920929,-0.10199999809265137,0.38199999928474426,0.9729335904121399
L248V_axitinib_2,L248V_4_r1_seed25_axitinib,0.3199999928474426,0.23600000143051147,0.08399999886751175,0.37268003821372986
L248V_axitinib_21,L248V_1_r0_seed18_nilotinib,0.3199999928474426,-0.18199999630451202,0.5019999742507935,0.48063144087791443
L248R_axitinib_7,L248R_2_r2_seed22_bosutinib,0.3100000023841858,-0.07400000095367432,0.3840000033378601,1.5452216863632202
V299L_axitinib_24,V299L_2_r3_seed24_nilotinib,-0.8799999952316284,0.10000000149011612,-0.9800000190734863,1.0054353475570679
F359I_axitinib_21,F359I_2_r0_seed8_nilotinib,0.10000000149011612,-0.10199999809265137,0.20200000703334808,0.451112300157547
M343T_axitinib_0,M343T_3_r0_seed8_axitinib,0.20999999344348907,-0.014000000432133675,0.2240000069141388,0.5201345086097717
F359I_axitinib_0,F359I_5_r3_seed31_axitinib,0.10000000149011612,0.014000000432133675,0.0860000029206276,0.3442515432834625
E255K_axitinib_7,E255K_5_r2_seed30_bosutinib,0.25999999046325684,-0.02199999988079071,0.28200000524520874,0.5989901423454285
L248V_axitinib_28,L248V_5_r0_seed14_ponatinib,0.3199999928474426,0.15299999713897705,0.16699999570846558,0.4748140871524811
L248R_axitinib_26,L248R_2_r3_seed10_ponatinib,0.3100000023841858,0.029999999329447746,0.2800000011920929,1.8202389478683472
L248V_axitinib_22,L248V_4_r2_seed25_nilotinib,0.3199999928474426,-0.18199999630451202,0.5019999742507935,0.535816490650177
F359V_axitinib_26,F359V_2_r0_seed7_ponatinib,0.07000000029802322,-0.05299999937415123,0.12300000339746475,0.5894270539283752
T315I_axitinib_4,T315I_5_r3_seed20_axitinib,-1.2699999809265137,0.10999999940395355,-1.3799999952316284,2.4677553176879883
L248V_axitinib_14,L248V_4_r3_seed11_dasatinib,0.3199999928474426,-0.10400000214576721,0.42399999499320984,0.5053345561027527
F317V_axitinib_21,F317V_1_r1_seed9_nilotinib,0.2800000011920929,-0.10999999940395355,0.38999998569488525,1.3561396598815918
F317L_axitinib_18,F317L_5_r2_seed10_imatinib,0.23000000417232513,0.15199999511241913,0.07800000160932541,0.6338549256324768
H396R_axitinib_28,H396R_5_r3_seed5_ponatinib,0.25,-0.0020000000949949026,0.25200000405311584,0.6769136190414429
V299L_axitinib_18,V299L_1_r1_seed6_imatinib,-0.8799999952316284,-0.009999999776482582,-0.8700000047683716,1.27487313747406
V299L_axitinib_22,V299L_5_r3_seed26_nilotinib,-0.8799999952316284,0.10400000214576721,-0.984000027179718,0.6842407584190369
E255K_axitinib_20,E255K_4_r0_seed28_nilotinib,0.25999999046325684,-0.03700000047683716,0.296999990940094,0.49552908539772034
M351T_axitinib_12,M351T_5_r3_seed23_dasatinib,-0.23999999463558197,0.03400000184774399,-0.27399998903274536,0.734738826751709
T315A_axitinib_11,T315A_1_r2_seed9_dasatinib,-0.44999998807907104,-0.00800000037997961,-0.44200000166893005,1.3766130208969116
L248R_axitinib_17,L248R_2_r3_seed14_imatinib,0.3100000023841858,0.13199999928474426,0.17800000309944153,1.4271806478500366
M351T_axitinib_25,M351T_4_r3_seed25_ponatinib,-0.23999999463558197,-0.03400000184774399,-0.20600000023841858,0.8562410473823547
F317L_axitinib_7,F317L_3_r0_seed20_bosutinib,0.23000000417232513,0.029999999329447746,0.20000000298023224,0.5242727398872375
E255V_axitinib_16,E255V_1_r1_seed22_imatinib,0.30000001192092896,-0.07400000095367432,0.37400001287460327,1.3315004110336304
V299L_axitinib_7,V299L_1_r3_seed23_bosutinib,-0.8799999952316284,0.009999999776482582,-0.8899999856948853,0.5625974535942078
G250E_axitinib_5,G250E_2_r2_seed2_bosutinib,0.27000001072883606,0.003000000026077032,0.2669999897480011,0.5299278497695923
V299L_axitinib_15,V299L_1_r1_seed28_imatinib,-0.8799999952316284,-0.014999999664723873,-0.8650000095367432,1.1218594312667847
L248R_axitinib_15,L248R_1_r2_seed15_imatinib,0.3100000023841858,0.13300000131130219,0.1770000010728836,1.2839514017105103
F317L_axitinib_3,F317L_1_r2_seed7_axitinib,0.23000000417232513,-0.11699999868869781,0.34700000286102295,0.4281386435031891
M351T_axitinib_15,M351T_4_r1_seed12_imatinib,-0.23999999463558197,-0.004000000189989805,-0.23600000143051147,0.5421245098114014
L248R_axitinib_24,L248R_5_r3_seed7_nilotinib,0.3100000023841858,-0.03099999949336052,0.3409999907016754,1.4298828840255737
L248V_axitinib_17,L248V_3_r1_seed2_imatinib,0.3199999928474426,0.2980000078678131,0.02199999988079071,0.40219566226005554
V299L_axitinib_13,V299L_5_r2_seed31_dasatinib,-0.8799999952316284,0.020999999716877937,-0.9010000228881836,1.1093049049377441
E255K_axitinib_18,E255K_4_r2_seed28_imatinib,0.25999999046325684,-0.01600000075995922,0.2759999930858612,0.6431887149810791
T315I_axitinib_23,T315I_2_r0_seed30_nilotinib,-1.2699999809265137,0.8109999895095825,-2.0810000896453857,0.7267191410064697
F317L_axitinib_14,F317L_1_r0_seed2_dasatinib,0.23000000417232513,0.04800000041723251,0.18199999630451202,0.38151970505714417
F317V_axitinib_25,F317V_3_r0_seed31_ponatinib,0.2800000011920929,-0.027000000700354576,0.3070000112056732,1.5112100839614868
L248V_axitinib_7,L248V_2_r1_seed11_bosutinib,0.3199999928474426,0.08799999952316284,0.23199999332427979,0.675862193107605
F359V_axitinib_22,F359V_2_r3_seed19_nilotinib,0.07000000029802322,-0.0860000029206276,0.15600000321865082,0.576677143573761
M244V_axitinib_8,M244V_1_r2_seed30_bosutinib,-0.10999999940395355,-0.05999999865889549,-0.05000000074505806,0.5004392266273499
T315I_axitinib_29,T315I_5_r0_seed16_ponatinib,-1.2699999809265137,0.057999998331069946,-1.3279999494552612,3.8571224212646484
T315A_axitinib_21,T315A_5_r2_seed15_nilotinib,-0.44999998807907104,0.09200000017881393,-0.5419999957084656,1.3937594890594482
L248V_axitinib_24,L248V_3_r2_seed10_nilotinib,0.3199999928474426,-0.17900000512599945,0.49900001287460327,0.454855740070343
E255V_axitinib_22,E255V_3_r2_seed4_nilotinib,0.30000001192092896,-0.07100000232458115,0.3709999918937683,1.3252546787261963
T315A_axitinib_3,T315A_4_r1_seed23_axitinib,-0.44999998807907104,-0.3160000145435333,-0.1340000033378601,0.94573974609375
T315I_axitinib_27,T315I_3_r0_seed26_ponatinib,-1.2699999809265137,0.05000000074505806,-1.3200000524520874,3.912644624710083
T315I_axitinib_5,T315I_1_r0_seed26_bosutinib,-1.2699999809265137,0.13300000131130219,-1.402999997138977,2.296252727508545
F359V_axitinib_29,F359V_3_r0_seed6_ponatinib,0.07000000029802322,-0.0560000017285347,0.12600000202655792,0.7104104161262512
T315A_axitinib_22,T315A_5_r2_seed0_nilotinib,-0.44999998807907104,0.09399999678134918,-0.5440000295639038,0.7268175482749939
M244V_axitinib_4,M244V_4_r2_seed10_axitinib,-0.10999999940395355,-0.05000000074505806,-0.05999999865889549,0.3843396008014679
T315A_axitinib_28,T315A_1_r1_seed18_ponatinib,-0.44999998807907104,0.006000000052154064,-0.4560000002384186,0.6238727569580078
E255K_axitinib_6,E255K_3_r2_seed4_bosutinib,0.25999999046325684,-0.02199999988079071,0.28200000524520874,0.4485263526439667
L248R_axitinib_12,L248R_3_r0_seed12_dasatinib,0.3100000023841858,-0.027000000700354576,0.3370000123977661,1.4672592878341675
F317V_axitinib_28,F317V_2_r0_seed13_ponatinib,0.2800000011920929,-0.029999999329447746,0.3100000023841858,1.6533617973327637
E255V_axitinib_28,E255V_2_r3_seed12_ponatinib,0.30000001192092896,-0.07599999755620956,0.37599998712539673,1.5696097612380981
M244V_axitinib_7,M244V_2_r2_seed8_bosutinib,-0.10999999940395355,-0.061000000685453415,-0.04899999871850014,0.49154046177864075
H396R_axitinib_24,H396R_1_r2_seed16_nilotinib,0.25,-0.010999999940395355,0.26100000739097595,0.6288947463035583
G250E_axitinib_18,G250E_5_r3_seed27_imatinib,0.27000001072883606,0.07699999958276749,0.19300000369548798,0.46544209122657776
Y253F_axitinib_13,Y253F_2_r2_seed13_dasatinib,0.25999999046325684,0.00800000037997961,0.25200000405311584,0.4076721966266632
Y253F_axitinib_2,Y253F_2_r3_seed1_axitinib,0.25999999046325684,0.0020000000949949026,0.257999986410141,0.3894318640232086
M351T_axitinib_21,M351T_1_r1_seed15_nilotinib,-0.23999999463558197,0.004999999888241291,-0.24500000476837158,0.7048126459121704
H396R_axitinib_15,H396R_2_r2_seed3_imatinib,0.25,0.02199999988079071,0.2280000001192093,0.48094257712364197
F359V_axitinib_2,F359V_1_r1_seed31_axitinib,0.07000000029802322,0.012000000104308128,0.057999998331069946,0.3510309159755707
F317L_axitinib_28,F317L_5_r2_seed29_ponatinib,0.23000000417232513,0.11299999803304672,0.11699999868869781,0.6166964769363403
E255K_axitinib_12,E255K_2_r0_seed10_dasatinib,0.25999999046325684,-0.009999999776482582,0.27000001072883606,0.4111205041408539
M244V_axitinib_0,M244V_2_r3_seed13_axitinib,-0.10999999940395355,-0.04699999839067459,-0.06300000101327896,0.29958707094192505
E255K_axitinib_15,E255K_1_r2_seed30_imatinib,0.25999999046325684,-0.013000000268220901,0.27300000190734863,0.4486106336116791
M351T_axitinib_6,M351T_1_r2_seed28_bosutinib,-0.23999999463558197,-0.028999999165534973,-0.210999995470047,0.9239144921302795
Y253H_axitinib_0,Y253H_1_r3_seed3_axitinib,0.029999999329447746,-0.004000000189989805,0.03400000184774399,0.3852042853832245
E255K_axitinib_29,E255K_3_r2_seed23_ponatinib,0.25999999046325684,-0.05000000074505806,0.3100000023841858,0.6720254421234131
L248V_axitinib_19,L248V_3_r3_seed5_imatinib,0.3199999928474426,0.2930000126361847,0.027000000700354576,0.4974013864994049
F359V_axitinib_15,F359V_1_r2_seed19_imatinib,0.07000000029802322,-0.004999999888241291,0.07500000298023224,0.48643502593040466
Y253H_axitinib_1,Y253H_4_r3_seed1_axitinib,0.029999999329447746,-0.004000000189989805,0.03400000184774399,0.9023606777191162
E255K_axitinib_5,E255K_2_r3_seed8_bosutinib,0.25999999046325684,-0.02199999988079071,0.28200000524520874,0.42507079243659973
F359V_axitinib_11,F359V_4_r2_seed6_dasatinib,0.07000000029802322,0.017000000923871994,0.05299999937415123,0.5712444186210632
G250E_axitinib_8,G250E_1_r0_seed22_bosutinib,0.27000001072883606,0.0010000000474974513,0.26899999380111694,0.3877141773700714
F317R_axitinib_4,F317R_3_r3_seed3_axitinib,0.27000001072883606,0.25699999928474426,0.013000000268220901,0.32456836104393005
F359I_axitinib_18,F359I_4_r3_seed11_imatinib,0.10000000149011612,-0.03999999910593033,0.14000000059604645,0.49758586287498474
E255V_axitinib_7,E255V_4_r3_seed5_bosutinib,0.30000001192092896,-0.06300000101327896,0.3630000054836273,1.8204021453857422
F359I_axitinib_9,F359I_2_r2_seed16_bosutinib,0.10000000149011612,-0.014999999664723873,0.11500000208616257,0.4379643499851227
T315I_axitinib_22,T315I_4_r2_seed7_nilotinib,-1.2699999809265137,0.8100000023841858,-2.0799999237060547,2.7349631786346436
M351T_axitinib_1,M351T_2_r2_seed8_axitinib,-0.23999999463558197,0.006000000052154064,-0.2460000067949295,0.35648560523986816
L248V_axitinib_20,L248V_3_r0_seed0_nilotinib,0.3199999928474426,-0.18199999630451202,0.5019999742507935,0.581244707107544
H396R_axitinib_7,H396R_4_r2_seed19_bosutinib,0.25,-0.006000000052154064,0.25600001215934753,0.5664592981338501
Y253F_axitinib_27,Y253F_2_r1_seed6_ponatinib,0.25999999046325684,0.01600000075995922,0.24400000274181366,0.6681130528450012
M244V_axitinib_23,M244V_2_r0_seed28_nilotinib,-0.10999999940395355,-0.13300000131130219,0.023000000044703484,0.5769468545913696
G250E_axitinib_28,G250E_1_r0_seed15_ponatinib,0.27000001072883606,0.06599999964237213,0.20399999618530273,0.44659900665283203
D276G_axitinib_4,D276G_4_r3_seed4_axitinib,0.18000000715255737,-0.006000000052154064,0.1860000044107437,0.4310741424560547
H396R_axitinib_6,H396R_3_r2_seed15_bosutinib,0.25,-0.006000000052154064,0.25600001215934753,0.5937437415122986
Y253F_axitinib_16,Y253F_1_r3_seed2_imatinib,0.25999999046325684,0.007000000216066837,0.2529999911785126,0.48685023188591003
E255V_axitinib_12,E255V_5_r1_seed13_dasatinib,0.30000001192092896,-0.003000000026077032,0.30300000309944153,1.5337697267532349
M351T_axitinib_27,M351T_2_r0_seed16_ponatinib,-0.23999999463558197,-0.035999998450279236,-0.20399999618530273,0.6408278942108154
E255V_axitinib_6,E255V_2_r1_seed0_bosutinib,0.30000001192092896,-0.06300000101327896,0.3630000054836273,1.1644635200500488
L248R_axitinib_11,L248R_5_r1_seed27_dasatinib,0.3100000023841858,-0.027000000700354576,0.3370000123977661,1.4987088441848755
F317L_axitinib_21,F317L_5_r1_seed10_nilotinib,0.23000000417232513,-0.008999999612569809,0.23899999260902405,0.7626308798789978
E255V_axitinib_15,E255V_1_r1_seed2_imatinib,0.30000001192092896,-0.0729999989271164,0.37299999594688416,1.5506236553192139
L248R_axitinib_9,L248R_2_r2_seed27_bosutinib,0.3100000023841858,-0.07000000029802322,0.3799999952316284,1.719757318496704
Q252H_axitinib_2,Q252H_5_r2_seed11_axitinib,0.20000000298023224,0.006000000052154064,0.1940000057220459,0.35014286637306213
G250E_axitinib_17,G250E_1_r3_seed17_imatinib,0.27000001072883606,0.07599999755620956,0.1940000057220459,0.3882876932621002
F317L_axitinib_0,F317L_3_r2_seed2_axitinib,0.23000000417232513,-0.11999999731779099,0.3499999940395355,0.36749014258384705
V299L_axitinib_4,V299L_4_r0_seed22_axitinib,-0.8799999952316284,0.061000000685453415,-0.9409999847412109,0.8748690485954285
F317L_axitinib_12,F317L_1_r1_seed21_dasatinib,0.23000000417232513,0.04500000178813934,0.1850000023841858,0.471495658159256
V299L_axitinib_21,V299L_2_r3_seed10_nilotinib,-0.8799999952316284,0.10499999672174454,-0.9850000143051147,0.8626543879508972
M244V_axitinib_29,M244V_5_r2_seed31_ponatinib,-0.10999999940395355,-0.13099999725818634,0.020999999716877937,0.6785029172897339
E255K_axitinib_16,E255K_3_r2_seed10_imatinib,0.25999999046325684,-0.010999999940395355,0.2709999978542328,0.4001738131046295
T315I_axitinib_11,T315I_1_r3_seed2_dasatinib,-1.2699999809265137,0.2150000035762787,-1.4850000143051147,3.2198617458343506
F359I_axitinib_27,F359I_4_r1_seed8_ponatinib,0.10000000149011612,-0.057999998331069946,0.15800000727176666,0.5129520297050476
F359I_axitinib_11,F359I_4_r3_seed18_dasatinib,0.10000000149011612,-0.012000000104308128,0.1120000034570694,0.5041026473045349
E255K_axitinib_17,E255K_2_r2_seed31_imatinib,0.25999999046325684,-0.01600000075995922,0.2759999930858612,0.4261181652545929
F317V_axitinib_27,F317V_1_r2_seed26_ponatinib,0.2800000011920929,-0.02500000037252903,0.3050000071525574,1.533605933189392
T315I_axitinib_10,T315I_3_r1_seed13_dasatinib,-1.2699999809265137,0.2160000056028366,-1.4859999418258667,3.1082193851470947
L248V_axitinib_18,L248V_1_r2_seed21_imatinib,0.3199999928474426,0.29499998688697815,0.02500000037252903,0.4762835204601288
M351T_axitinib_23,M351T_2_r3_seed12_nilotinib,-0.23999999463558197,0.003000000026077032,-0.24300000071525574,0.7214543223381042
Y253F_axitinib_6,Y253F_2_r1_seed5_bosutinib,0.25999999046325684,-0.013000000268220901,0.27300000190734863,0.4471951425075531
F359I_axitinib_6,F359I_5_r1_seed5_bosutinib,0.10000000149011612,-0.01600000075995922,0.11599999666213989,0.5359084606170654
G250E_axitinib_9,G250E_5_r3_seed18_bosutinib,0.27000001072883606,0.004999999888241291,0.26499998569488525,0.4597098231315613
F317V_axitinib_0,F317V_1_r2_seed21_axitinib,0.2800000011920929,0.08799999952316284,0.19200000166893005,1.0937963724136353
V299L_axitinib_8,V299L_3_r0_seed26_bosutinib,-0.8799999952316284,0.009999999776482582,-0.8899999856948853,1.0998356342315674
E255V_axitinib_2,E255V_5_r0_seed12_axitinib,0.30000001192092896,-0.03799999877810478,0.33799999952316284,0.8116059303283691
Y253F_axitinib_26,Y253F_1_r0_seed23_ponatinib,0.25999999046325684,0.01899999938905239,0.2409999966621399,0.598125696182251
E255K_axitinib_26,E255K_3_r0_seed31_ponatinib,0.25999999046325684,-0.054999999701976776,0.3149999976158142,0.6190932393074036
V299L_axitinib_19,V299L_1_r0_seed20_imatinib,-0.8799999952316284,-0.009999999776482582,-0.8700000047683716,1.1237272024154663
Y253F_axitinib_0,Y253F_1_r1_seed31_axitinib,0.25999999046325684,0.003000000026077032,0.25699999928474426,0.28630968928337097
M343T_axitinib_1,M343T_5_r3_seed27_axitinib,0.20999999344348907,-0.014000000432133675,0.2240000069141388,0.39585959911346436
E255V_axitinib_29,E255V_2_r2_seed10_ponatinib,0.30000001192092896,-0.07400000095367432,0.37400001287460327,1.3865150213241577
F317V_axitinib_2,F317V_2_r2_seed6_axitinib,0.2800000011920929,0.08500000089406967,0.19499999284744263,0.8226258158683777
F486S_axitinib_4,F486S_2_r3_seed18_axitinib,0.05000000074505806,0.035999998450279236,0.014000000432133675,0.3723652958869934
M244V_axitinib_13,M244V_1_r3_seed29_dasatinib,-0.10999999940395355,-0.10899999737739563,-0.0010000000474974513,0.441934198141098
T315I_axitinib_24,T315I_2_r0_seed8_nilotinib,-1.2699999809265137,0.8059999942779541,-2.0759999752044678,2.395550489425659
F359I_axitinib_25,F359I_5_r0_seed5_ponatinib,0.10000000149011612,-0.054999999701976776,0.1550000011920929,0.44798460602760315
T315I_axitinib_12,T315I_2_r0_seed19_dasatinib,-1.2699999809265137,0.21299999952316284,-1.4830000400543213,2.8977627754211426
F317L_axitinib_20,F317L_1_r1_seed12_nilotinib,0.23000000417232513,-0.008999999612569809,0.23899999260902405,0.4774034917354584
F359V_axitinib_16,F359V_3_r3_seed2_imatinib,0.07000000029802322,-0.004999999888241291,0.07500000298023224,0.4381844401359558
F317V_axitinib_22,F317V_2_r2_seed20_nilotinib,0.2800000011920929,-0.10199999809265137,0.38199999928474426,1.0008049011230469
T315A_axitinib_27,T315A_5_r1_seed10_ponatinib,-0.44999998807907104,0.004000000189989805,-0.45399999618530273,1.3496910333633423
L248R_axitinib_6,L248R_3_r2_seed24_bosutinib,0.3100000023841858,-0.0729999989271164,0.382999986410141,1.5054293870925903
G250E_axitinib_6,G250E_1_r0_seed0_bosutinib,0.27000001072883606,0.0020000000949949026,0.2680000066757202,0.3733241856098175
M244V_axitinib_12,M244V_4_r1_seed10_dasatinib,-0.10999999940395355,-0.10499999672174454,-0.004999999888241291,0.44324368238449097
F359V_axitinib_6,F359V_3_r0_seed18_bosutinib,0.07000000029802322,0.003000000026077032,0.06700000166893005,0.5115836262702942
L248R_axitinib_16,L248R_2_r3_seed20_imatinib,0.3100000023841858,0.14000000059604645,0.17000000178813934,1.4341001510620117
Q252H_axitinib_4,Q252H_1_r3_seed15_axitinib,0.20000000298023224,0.004999999888241291,0.19499999284744263,0.31918641924858093
M351T_axitinib_13,M351T_3_r0_seed2_dasatinib,-0.23999999463558197,0.03099999949336052,-0.2709999978542328,0.6797921657562256
T315I_axitinib_1,T315I_2_r3_seed30_axitinib,-1.2699999809265137,0.10899999737739563,-1.378999948501587,2.506192922592163
F486S_axitinib_1,F486S_5_r2_seed11_axitinib,0.05000000074505806,0.03999999910593033,0.009999999776482582,0.30138513445854187
E279K_axitinib_2,E279K_2_r1_seed6_axitinib,-0.029999999329447746,-0.039000000804662704,0.008999999612569809,1.1893736124038696
F317V_axitinib_26,F317V_3_r0_seed7_ponatinib,0.2800000011920929,-0.028999999165534973,0.3089999854564667,1.2529608011245728
Y253F_axitinib_4,Y253F_5_r3_seed25_axitinib,0.25999999046325684,0.004000000189989805,0.25600001215934753,0.29249387979507446
H396R_axitinib_29,H396R_2_r3_seed24_ponatinib,0.25,-0.004000000189989805,0.2540000081062317,0.6156063675880432
G250E_axitinib_3,G250E_3_r3_seed22_axitinib,0.27000001072883606,0.0,0.27000001072883606,0.38521429896354675
E255V_axitinib_3,E255V_2_r0_seed10_axitinib,0.30000001192092896,-0.03799999877810478,0.33799999952316284,0.5285993814468384
M244V_axitinib_1,M244V_5_r3_seed13_axitinib,-0.10999999940395355,-0.04800000041723251,-0.06199999898672104,0.28110557794570923
L248R_axitinib_1,L248R_3_r3_seed9_axitinib,0.3100000023841858,0.1289999932050705,0.1809999942779541,1.1109287738800049
T315I_axitinib_17,T315I_4_r3_seed26_imatinib,-1.2699999809265137,0.18799999356269836,-1.4579999446868896,3.1523678302764893
F317R_axitinib_0,F317R_5_r3_seed20_axitinib,0.27000001072883606,0.2540000081062317,0.01600000075995922,0.3173478841781616
G250E_axitinib_4,G250E_2_r3_seed30_axitinib,0.27000001072883606,0.0010000000474974513,0.26899999380111694,0.40840625762939453
H396R_axitinib_0,H396R_1_r1_seed1_axitinib,0.25,-0.00800000037997961,0.257999986410141,0.3634411692619324
H396R_axitinib_27,H396R_2_r1_seed14_ponatinib,0.25,-0.0020000000949949026,0.25200000405311584,0.5841637849807739
L248V_axitinib_29,L248V_2_r3_seed20_ponatinib,0.3199999928474426,0.15199999511241913,0.1679999977350235,0.4551998972892761
M244V_axitinib_15,M244V_4_r1_seed22_imatinib,-0.10999999940395355,-0.09099999815225601,-0.01899999938905239,0.44777747988700867
T315A_axitinib_4,T315A_1_r0_seed4_axitinib,-0.44999998807907104,-0.31299999356269836,-0.13699999451637268,0.28012585639953613
G250E_axitinib_7,G250E_3_r3_seed6_bosutinib,0.27000001072883606,0.0020000000949949026,0.2680000066757202,0.582256019115448
L248V_axitinib_8,L248V_5_r1_seed21_bosutinib,0.3199999928474426,0.08799999952316284,0.23199999332427979,0.560525119304657
Y253F_axitinib_25,Y253F_5_r2_seed16_ponatinib,0.25999999046325684,0.017999999225139618,0.24199999868869781,0.5335565209388733
T315A_axitinib_13,T315A_2_r3_seed30_dasatinib,-0.44999998807907104,-0.0010000000474974513,-0.4490000009536743,1.3856676816940308
T315I_axitinib_6,T315I_1_r2_seed30_bosutinib,-1.2699999809265137,0.13199999928474426,-1.4019999504089355,3.5068142414093018
M244V_axitinib_20,M244V_3_r3_seed28_nilotinib,-0.10999999940395355,-0.13600000739097595,0.026000000536441803,0.614490807056427
E292L_axitinib_1,E292L_4_r1_seed16_axitinib,0.029999999329447746,0.03799999877810478,-0.00800000037997961,0.3717881143093109
M351T_axitinib_29,M351T_5_r1_seed13_ponatinib,-0.23999999463558197,-0.02800000086426735,-0.21199999749660492,0.703101634979248
