expName,afName,exp,alterPred
M244V_bosutinib_5,M244V_1_r2_seed17_bosutinib,0.4300000071525574,0.2424952015280724
M244V_bosutinib_6,M244V_1_r3_seed25_bosutinib,0.4300000071525574,0.16795799508690828
M244V_bosutinib_7,M244V_2_r2_seed8_bosutinib,0.4300000071525574,0.1653257049620151
M244V_bosutinib_8,M244V_1_r2_seed30_bosutinib,0.4300000071525574,0.17739184573292738
M244V_bosutinib_9,M244V_2_r2_seed18_bosutinib,0.4300000071525574,0.1615154296159744
L248R_bosutinib_5,L248R_3_r3_seed23_bosutinib,1.5,1.0987809002399445
L248R_bosutinib_6,L248R_3_r2_seed24_bosutinib,1.5,0.5032814294099808
L248R_bosutinib_7,L248R_2_r2_seed22_bosutinib,1.5,1.0198709964752197
L248R_bosutinib_8,L248R_3_r2_seed25_bosutinib,1.5,1.3661684319376945
L248R_bosutinib_9,L248R_2_r2_seed27_bosutinib,1.5,1.3758382126688957
L248V_bosutinib_5,L248V_3_r2_seed25_bosutinib,0.5600000023841858,0.7869193851947783
L248V_bosutinib_6,L248V_3_r3_seed7_bosutinib,0.5600000023841858,0.8235716298222542
L248V_bosutinib_7,L248V_2_r1_seed11_bosutinib,0.5600000023841858,0.8383736610412598
L248V_bosutinib_8,L248V_5_r1_seed21_bosutinib,0.5600000023841858,0.7452450394630432
L248V_bosutinib_9,L248V_2_r3_seed8_bosutinib,0.5600000023841858,0.7389626204967499
G250E_bosutinib_5,G250E_2_r2_seed2_bosutinib,0.1099999994039535,0.5176870017312467
G250E_bosutinib_6,G250E_1_r0_seed0_bosutinib,0.1099999994039535,0.7377740999218076
G250E_bosutinib_7,G250E_3_r3_seed6_bosutinib,0.1099999994039535,0.9346952696796507
G250E_bosutinib_8,G250E_1_r0_seed22_bosutinib,0.1099999994039535,0.8179699907777831
G250E_bosutinib_9,G250E_5_r3_seed18_bosutinib,0.1099999994039535,0.4772426830604671
Y253F_bosutinib_5,Y253F_5_r1_seed28_bosutinib,-0.3400000035762787,0.27363418135792017
Y253F_bosutinib_6,Y253F_2_r1_seed5_bosutinib,-0.3400000035762787,0.5253006927669048
Y253F_bosutinib_7,Y253F_1_r1_seed25_bosutinib,-0.3400000035762787,0.24942443892359728
Y253F_bosutinib_8,Y253F_1_r0_seed18_bosutinib,-0.3400000035762787,0.4078518096357585
Y253F_bosutinib_9,Y253F_1_r0_seed30_bosutinib,-0.3400000035762787,1.0110995415598154
E255K_bosutinib_5,E255K_2_r3_seed8_bosutinib,0.5600000023841858,0.3001314550638199
E255K_bosutinib_6,E255K_3_r2_seed4_bosutinib,0.5600000023841858,0.22903849184513086
E255K_bosutinib_7,E255K_5_r2_seed30_bosutinib,0.5600000023841858,0.4645279198884964
E255K_bosutinib_8,E255K_3_r1_seed16_bosutinib,0.5600000023841858,1.093739153817296
E255K_bosutinib_9,E255K_5_r2_seed15_bosutinib,0.5600000023841858,0.7759039420634509
E255V_bosutinib_5,E255V_4_r2_seed20_bosutinib,0.6600000262260437,0.5647764876484872
E255V_bosutinib_6,E255V_2_r1_seed0_bosutinib,0.6600000262260437,2.2776879891753192
E255V_bosutinib_7,E255V_4_r3_seed5_bosutinib,0.6600000262260437,1.4687113389372826
E255V_bosutinib_8,E255V_2_r0_seed15_bosutinib,0.6600000262260437,0.8370271697640419
E255V_bosutinib_9,E255V_4_r1_seed8_bosutinib,0.6600000262260437,2.068389691412449
V299L_bosutinib_5,V299L_1_r0_seed10_bosutinib,1.7000000476837158,0.3233691081404685
V299L_bosutinib_6,V299L_2_r3_seed23_bosutinib,1.7000000476837158,0.9383243545889852
V299L_bosutinib_7,V299L_1_r3_seed23_bosutinib,1.7000000476837158,0.4214845988899468
V299L_bosutinib_8,V299L_3_r0_seed26_bosutinib,1.7000000476837158,0.4458658788353204
V299L_bosutinib_9,V299L_3_r1_seed21_bosutinib,1.7000000476837158,0.31916449032723904
T315A_bosutinib_5,T315A_4_r2_seed4_bosutinib,0.3199999928474426,0.5500428676605225
T315A_bosutinib_6,T315A_1_r3_seed19_bosutinib,0.3199999928474426,0.12550996243953713
T315A_bosutinib_7,T315A_5_r2_seed15_bosutinib,0.3199999928474426,0.8835385590791703
T315A_bosutinib_8,T315A_2_r3_seed4_bosutinib,0.3199999928474426,0.6504904180765153
T315A_bosutinib_9,T315A_3_r1_seed25_bosutinib,0.3199999928474426,0.5580793917179108
T315I_bosutinib_5,T315I_1_r0_seed26_bosutinib,2.450000047683716,0.7823970764875411
T315I_bosutinib_6,T315I_1_r2_seed30_bosutinib,2.450000047683716,0.6311431825160979
T315I_bosutinib_7,T315I_3_r1_seed8_bosutinib,2.450000047683716,0.4083131104707718
T315I_bosutinib_8,T315I_5_r1_seed5_bosutinib,2.450000047683716,1.0144829005002975
T315I_bosutinib_9,T315I_2_r0_seed15_bosutinib,2.450000047683716,0.7195835262537003
F317C_bosutinib_5,F317C_4_r2_seed11_bosutinib,0.5,0.3577371947467326
F317C_bosutinib_6,F317C_4_r2_seed6_bosutinib,0.5,0.2989996671676635
F317C_bosutinib_7,F317C_2_r2_seed0_bosutinib,0.5,0.26392952725291247
F317C_bosutinib_8,F317C_5_r0_seed0_bosutinib,0.5,0.4451877921819686
F317C_bosutinib_9,F317C_3_r1_seed19_bosutinib,0.5,0.3058006390929221
F317I_bosutinib_5,F317I_3_r1_seed23_bosutinib,0.7099999785423279,0.365602232515812
F317I_bosutinib_6,F317I_2_r0_seed0_bosutinib,0.7099999785423279,0.2782891932874918
F317I_bosutinib_7,F317I_2_r1_seed18_bosutinib,0.7099999785423279,0.5001492453739048
F317I_bosutinib_8,F317I_1_r3_seed25_bosutinib,0.7099999785423279,0.22592816362157458
F317I_bosutinib_9,F317I_3_r0_seed4_bosutinib,0.7099999785423279,0.280051443958655
F317L_bosutinib_5,F317L_1_r3_seed4_bosutinib,0.0900000035762786,0.554937744513154
F317L_bosutinib_6,F317L_1_r1_seed9_bosutinib,0.0900000035762786,0.4347709398716687
F317L_bosutinib_7,F317L_3_r0_seed20_bosutinib,0.0900000035762786,0.6579194944351912
F317L_bosutinib_8,F317L_2_r0_seed29_bosutinib,0.0900000035762786,0.5072129182517527
F317L_bosutinib_9,F317L_4_r3_seed20_bosutinib,0.0900000035762786,0.37706050463020796
F317V_bosutinib_5,F317V_5_r0_seed2_bosutinib,1.7200000286102295,0.6482734400779009
F317V_bosutinib_6,F317V_4_r2_seed27_bosutinib,1.7200000286102295,0.8427390567958355
F317V_bosutinib_7,F317V_1_r0_seed13_bosutinib,1.7200000286102295,0.8095932547003032
F317V_bosutinib_8,F317V_2_r1_seed25_bosutinib,1.7200000286102295,0.9461385160684584
F317V_bosutinib_9,F317V_5_r1_seed5_bosutinib,1.7200000286102295,1.012493347749114
M351T_bosutinib_5,M351T_5_r3_seed11_bosutinib,0.1899999976158142,0.49882459267973905
M351T_bosutinib_6,M351T_1_r2_seed28_bosutinib,0.1899999976158142,0.20566113293170932
M351T_bosutinib_7,M351T_3_r0_seed27_bosutinib,0.1899999976158142,0.9316721409559251
M351T_bosutinib_8,M351T_1_r2_seed29_bosutinib,0.1899999976158142,0.3578239306807518
M351T_bosutinib_9,M351T_5_r1_seed8_bosutinib,0.1899999976158142,0.49446317739784723
E355A_bosutinib_5,E355A_1_r3_seed7_bosutinib,0.0199999995529651,0.2760362187400461
E355A_bosutinib_6,E355A_2_r2_seed4_bosutinib,0.0199999995529651,1.2080468013882635
E355A_bosutinib_7,E355A_2_r1_seed23_bosutinib,0.0199999995529651,0.8119999114423991
E355A_bosutinib_8,E355A_3_r0_seed6_bosutinib,0.0199999995529651,0.25558577105402946
E355A_bosutinib_9,E355A_4_r2_seed26_bosutinib,0.0199999995529651,0.22426088526844978
F359C_bosutinib_5,F359C_5_r2_seed3_bosutinib,-0.0099999997764825,0.4459361294284463
F359C_bosutinib_6,F359C_1_r3_seed1_bosutinib,-0.0099999997764825,0.24810305051505568
F359C_bosutinib_7,F359C_1_r3_seed6_bosutinib,-0.0099999997764825,0.9986729007214309
F359C_bosutinib_8,F359C_1_r2_seed5_bosutinib,-0.0099999997764825,0.2348110489547252
F359C_bosutinib_9,F359C_3_r3_seed12_bosutinib,-0.0099999997764825,0.49658001586794853
F359I_bosutinib_5,F359I_2_r0_seed30_bosutinib,0.0399999991059303,0.29633847065269947
F359I_bosutinib_6,F359I_5_r1_seed5_bosutinib,0.0399999991059303,0.3597052413970232
F359I_bosutinib_7,F359I_1_r2_seed30_bosutinib,0.0399999991059303,0.2275025406852365
F359I_bosutinib_8,F359I_5_r3_seed26_bosutinib,0.0399999991059303,0.37582300696522
F359I_bosutinib_9,F359I_2_r2_seed16_bosutinib,0.0399999991059303,0.36810778174549347
F359V_bosutinib_5,F359V_1_r1_seed12_bosutinib,-0.1099999994039535,0.2089879810810089
F359V_bosutinib_6,F359V_3_r0_seed18_bosutinib,-0.1099999994039535,0.3235058574937283
F359V_bosutinib_7,F359V_2_r0_seed10_bosutinib,-0.1099999994039535,0.3194089700700715
F359V_bosutinib_8,F359V_2_r2_seed22_bosutinib,-0.1099999994039535,0.32291870098561043
F359V_bosutinib_9,F359V_5_r3_seed12_bosutinib,-0.1099999994039535,0.3721666513010859
H396R_bosutinib_5,H396R_5_r3_seed31_bosutinib,-0.1000000014901161,0.5182942785322666
H396R_bosutinib_6,H396R_3_r2_seed15_bosutinib,-0.1000000014901161,0.4163324059918523
H396R_bosutinib_7,H396R_4_r2_seed19_bosutinib,-0.1000000014901161,0.2193746687844396
H396R_bosutinib_8,H396R_5_r1_seed25_bosutinib,-0.1000000014901161,0.3576396824792028
H396R_bosutinib_9,H396R_5_r0_seed31_bosutinib,-0.1000000014901161,0.7235302105545998
E459K_bosutinib_5,E459K_5_r2_seed20_bosutinib,0.3499999940395355,0.5313368001952767
E459K_bosutinib_6,E459K_2_r2_seed29_bosutinib,0.3499999940395355,0.40623751189559704
E459K_bosutinib_7,E459K_1_r1_seed29_bosutinib,0.3499999940395355,0.3047831691801548
E459K_bosutinib_8,E459K_4_r3_seed26_bosutinib,0.3499999940395355,0.32726698182523256
E459K_bosutinib_9,E459K_5_r2_seed14_bosutinib,0.3499999940395355,0.5912722302600742
